a_count	a_term	ab_count	ab_pmid_intersection	ab_pred_score	ab_pvalue	ab_sort_ratio	ac_count	ac_pmid_intersection	ac_pred_score	ac_pvalue	ac_sort_ratio	b_count	b_term	bc_count	bc_pmid_intersection	bc_pred_score	bc_pvalue	bc_sort_ratio	c_count	c_term	total_count
15921	Non-alcoholic fatty liver disease	11	[23978414, 32042044, 31551937, 31191364, 32240652, 34233158, 33078654, 37438882, 35252196, 36049672, 37700498]	0.0429234433863648	4.949343389225087e-09	0.0051067780872794	0	[]	0.0	1.0	0.0	2154	ULK1	4	[30244168, 26636543, 29154199, 37886951]	0.0980402275586645	6.856725849288354e-10	0.0205128205128205	195	pp242	36691282
