	a_count	a_term	ab_count	ab_pmid_intersection	ab_pred_score	ab_pvalue	ab_sort_ratio	b_count	b_term	total_count
0	989	warfarin&drug&interaction	52	[]	0.3308127940737864	2.689687786375712e-101	0.0057694441362476	9013	omeprazole	36618932
1	989	warfarin&drug&interaction	42	[]	0.2430543585918116	5.57790815186769e-75	0.0039095224797542	10743	simvastatin	36618932
2	989	warfarin&drug&interaction	26	[]	0.1218219725659474	3.8424567580901135e-38	0.0017788724685276	14616	fluconazole	36618932
3	989	warfarin&drug&interaction	16	[]	0.0687992038776355	1.3501383941522289e-21	0.001244942421413	12852	furosemide	36618932
4	989	warfarin&drug&interaction	8	[]	0.0347929189305711	7.571592140369909e-11	0.0010285420416559	7778	metoprolol	36618932
5	989	warfarin&drug&interaction	4	[]	0.0173861052724603	1.583282174785851e-05	0.0007506098705197	5329	enoxaparin	36618932
6	989	warfarin&drug&interaction	3	[]	0.0075385443132446	0.0063586949947517	0.0002194747238276	13669	ceftriaxone	36618932
7	989	warfarin&drug&interaction	16	[]	0.0272456691782747	2.550024903198377e-09	0.0001905397037107	83972	heparin	36618932
