	a_count	a_term	ab_count	ab_pmid_intersection	ab_pred_score	ab_pvalue	ab_sort_ratio	b_count	b_term	bc_count	bc_pmid_intersection	bc_pred_score	bc_pvalue	bc_sort_ratio	c_count	c_term	total_count
0	657735	Diabetes	646	[]	0.0614487510800821	0.5372071064802428	0.0178704805112174	36149	COX-2	96	[]	0.20775012657002	7.080303933178968e-58	0.0091254752851711	10520	Fish oil	36691282
1	657735	Diabetes	2544	[]	1.5694462633791582	0.0	0.1558346094946401	16325	PPAR	95	[]	0.2986690617699249	2.3937758329838912e-87	0.0090304182509505	10520	Fish oil	36691282
