a_count	a_term	ab_count	ab_pmid_intersection	ab_pred_score	ab_pvalue	ab_sort_ratio	ac_count	ac_pmid_intersection	ac_pred_score	ac_pvalue	ac_sort_ratio	b_count	b_term	bc_count	bc_pmid_intersection	bc_pred_score	bc_pvalue	bc_sort_ratio	c_count	c_term	total_count
180270	heart disease	21	[19251646, 24534818, 30384889, 30805484, 31130285, 22786616, 22465605, 30024444, 22887781, 21340158, 30732632, 31560489, 19935936, 34328347, 28525297, 36171012, 36333975, 36238493, 30078240, 35950157, 32128752]	0.0748470250980607	1.838099994247139e-06	0.0168404170008019	1	[36756695]	0.0004525021745586	1.0	0.0001346076187912	1247	RAF1	6	[22907845, 26557760, 25862004, 25562798, 37201366, 36092956]	0.022973806138657	2.862233808314743e-07	0.0008076457127473	7429	gefitinib	36691282
