	a_count	a_term	ab_count	ab_pmid_intersection	ab_pred_score	ab_pvalue	ab_sort_ratio	b_count	b_term	bc_count	bc_pmid_intersection	bc_pred_score	bc_pvalue	bc_sort_ratio	c_count	c_term	total_count	ab_hypothesis	ab_scores	bc_hypothesis	bc_score
0	657735	Diabetes	646	[16889756, 18274606, 17066486, 11821258, 27638428, 18414053, 12912808, 16387690, 12600916, 25940230]	0.0614487510800821	0.5372071064802428	0.0178704805112174	36149	COX-2	96	[12562875, 12848278, 11280748, 12388178, 10625599, 9270014, 9041257, 12553953, 11705739, 9397995]	0.20775012657002	7.080303933178968e-58	0.0091254752851711	10520	Fish oil	36691282	There exists an interaction facilitated by COX-2 that offers therapeutic benefits or slows the disease progression of Diabetes.	[0.0, 1.0, 1.0, 0.0, 1.0, 1.0, 1.0, 0.0, 1.0, 0.0]	There exists an interaction facilitated by Fish oil that modulates the expression of COX-2.	[0.0, 1.0, 1.0, 1.0, 0.0, 0.0, 0.0, 0.0, 0.0, 1.0]
1	657735	Diabetes	2544	[7768881, 16214598, 20840865, 12802337, 11818483, 16447287, 10549290, 12832613, 10839530, 15057233]	1.5694462633791582	0.0	0.1558346094946401	16325	PPAR	95	[18316044, 15698426, 16567512, 17251275, 16698153, 15460168, 21349231, 22174823, 12149216, 23139599]	0.2986690617699249	2.3937758329838912e-87	0.0090304182509505	10520	Fish oil	36691282	There exists an interaction facilitated by PPAR that offers therapeutic benefits or slows the disease progression of Diabetes.	[0.0, 1.0, 0.0, 1.0, 0.0, 1.0, 0.0, 0.0, 1.0, 1.0]	There exists an interaction facilitated by Fish oil that modulates the expression of PPAR.	[1.0, 1.0, 0.0, 1.0, 0.0, 0.0, 0.0, 0.0, 1.0, 1.0]
