a_count	a_term	ab_count	ab_pmid_intersection	ab_pred_score	ab_pvalue	ab_sort_ratio	b_count	b_term	bc_count	bc_pmid_intersection	bc_pred_score	bc_pvalue	bc_sort_ratio	c_count	c_term	total_count
657735	diabetes	646	[16889756, 23143785, 31687648, 32182251, 33567774]	0.0614487510800821	0.5372071064802428	0.0178704805112174	36149	LOX	96	[21307302, 18281656, 33222622, 32031284, 31796842]	0.20775012657002	7.080303933178968e-58	0.0091254752851711	10520	zileuton	36691282
